 INSERT INTO projects (title, category, funding_goal, start_date, end_date) 
 VALUES ("p1", "short_film", 10000, 2021-01-02, 2021-06-02),
 ("p2", "short_film", 10000, 2021-01-02, 2021-06-02),
 ("p3", "short_film", 10000, 2021-01-02, 2021-06-02),
 ("p4", "short_film", 10000, 2021-01-02, 2021-06-02),
 ("p5", "short_film", 10000, 2021-01-02, 2021-06-02),
 ("p6", "short_film", 10000, 2021-01-02, 2021-06-02),
 ("p7", "short_film", 10000, 2021-01-02, 2021-06-02),
 ("p8", "short_film", 10000, 2021-01-02, 2021-06-02),
 ("p9", "short_film", 10000, 2021-01-02, 2021-06-02),
 ("p10", "short_film", 10000, 2021-01-02, 2021-06-02);

INSERT INTO users (name, age) 
 VALUES ("John Smith", 20),
("Pat", 20),
("Lady Diana", 20),
("Meghan Markle", 20),
("Prince Harry", 20),
("Liza Minelli", 20),
("Terry", 20),
("Sally", 20),
("Smith", 20),
("Steve", 20),
("Cicley", 20),
("Beyonce", 20),
("Michelle", 20),
("Tracy", 20),
("Ross", 20),
("Ellen", 20),
("Perry", 20),
("Bill", 20),
("Bob", 20),
("Mary", 20);

INSERT INTO pledges (amount, user_id, project_id)
VALUES (50, "John Smith", "p1"),
(500, "Pat", "p1"),
(500, "Lady Diana", "p2"),
(500, "Meghan Markle", "p2"),
(500, "Prince Harry", "p3"),
(500, "Liza Minelli", "p3"),
(500, "Terry", "p4"),
(500, "Sally", "p4"),
(500, "Smith", "p5"),
(500, "Steve", "p5"),
(500, "Cicley", "p6"),
(500, "Beyonce", "p6"),
(500, "Michelle", "p7"),
(500, "Tracy", "p7"),
(500, "Ross", "p8"),
(500, "Ellen", "p8"),
(500, "Perry", "p9"),
(500, "Bill", "p9"),
(500, "Bob", "p10"),
(500, "Mary", "p10"),
(500, "John Smith", "p1"),
(500, "Pat", "p2"),
(500, "Lady Diana", "p3"),
(500, "Beyonce", "p4"),
(500, "Steve", "p5"),
(500, "Smith", "p6"),
(500, "Tracy", "p7"),
(500, "Ross", "p8"),
(500, "Mary", "p9"),
(500, "Sally", "p10");

